,IMIDAZOTHIAZOLES,TETRAHYDROPYRIMIDINES,DEPSIPEPTIDES,AMINO-ACETONITRILES,PIPERAZINE,MELARSOMINE,BENZIMIDAZOLES,LACTONES MACROCYCLIQUES ou ENDECTOCIDES (mol naturelles de Streptomyces),HALOGENOPHENOLS,PRAZIQUANTEL,NITROSCANATE,TRICLABENDAZOLE,CLORSULON,ANTIBIOTIQUES IONOPHORES,ANTAGONISTES DE L’ACIDE FOLIQUE,ANTAGONISTES DE LA VITAMINE B1,INHIBITEURS DE LA RESPIRATION MITOCHONDRIALE,ANALOGUES DES BASES PURIQUES ET PYRIMIDIQUES,AUTRES,LACTATE D’HALOFUGINONE,PAROMOMYCINE,AUTRES,DIAMIDINES AROMATIQUES,ANTIMOINE,AUTRES,NITRO-IMIDAZOLES,AUTRES,NEONICOTINOIDES,SPINOSYNES,OXADIAZINES,INHIBITEURS DE LA SYNTHESE DE LA CHITINE = BENZOYLPHENYLUREES,ANALOGUES DES HORMONES JUVENILES,AUTRES REGULATEURS DE CROISSANCE,ORGANO-PHOSPHORÉS ET CARBAMATES ANTICHOLINESTÉRASIQUES,PYRÉTHRINOIDES,PHENYLPYRAZOLES,ISOXAZOLINES,ORGANO-CHLORES,FORMAMIDINES,COMPOSES MINEURS
,Lévamisole,"Pyrantel
 Oxantel",Emodepside,Monépantel,Pipérazine,Mélarsomine,"Probenzimidazole (nétobimin, fébantel), Albendazole, Fenbendazole, Oxfendazole, Mébendazole, Flubendazole, Oxibendazole","Avermectines = Ivermectine, Eprinomectine, Doramectine, Sélamectine
 

  Moxidectine
 Milbémycine oxime","Nitroxinil
 Salicylanilides : closantel, oxyclozanide et niclosamide","Praziquantel
 (rang B)","Nitroscanate
 (rang B)",Triclabendazole,Clorsulon,"Monensin, salinomycine, lasalocide, maduramycine, narasin, avilamycin","Sulfonamides antibactériens : sulfaguanidine, sulfadimidine, sulfadiméthoxine, sulfaquinoxaline ; diaminopyrimidines (triméthoprime + pyriméthamine), éthopabate",Amprolium = analogue de la vitamine B1,"4-hydroxyquinoléines (décoquinate)
 robénidine","Diclazuril 
 Toltrazuril","Dinitolmide
 Nicarbazine
 Clopidol/méticlorpindol
 Halofuginone",Halofuginone,#ERROR!,"Décoquinate
 Rifaximine",Imidocarbe,"Antimoine
 (sous forme de sel de méglumine)","Miltéfosine
 Allopurinol, pentamidine, amphotéricine B, certaines quinolones",Métronidazole,"Organo-arsénicaux
 Buparvaquone","Imidaclopride
 Dinotéfurane
 Nitenpyram",Spinosad,Indoxacarbe,"Lufénuron, Triflumuron
 Flufénoxuron, Diflubenzuron","S-méthoprène
 Pyriproxyfène (plus puissante)
 Fénoxycarbe (biocide)","Cyromazine (triazine)
 Dicyclanil (pyrimidine), biocide","Phoxim, Dimpylate (2 organophosphorés) = encore utilisés en médecine vétérinaire
 

 Usages phytosanitaire et de désinfestation des locaux d’élevage :
 Organo-phosphorés : dichlorvos, métrifonate (ou trichlorfon), coumaphos, malathion
 Carbamates : carbaryl, méthomyl, propoxur, bendiocarb","Pyréthrinoïdes de type I, les plus nombreux, non cyanés
 *1ère générat° = alléthrine, bioalléthrine et tétraméthrine (biocides)
 *2ème générat° = perméthrine, phénothrine 
 Pyréthrinoïdes de type II, cyanés 
 *3ème générat° = cyperméthrine, deltaméthrine, fluméthrine, cyfluthrine, cyhalothrine
 *4ème générat° = fenvalérate, fluvalinate, flucythrinate, bromopylate","Fipronil
 Pyriprole","Afoxolaner, Fluranaler, Sarolaner, Lotilaner, Esafoxolaner (AMM reçue en 2020)",Tous interdits en médecine vétérinaire ET comme produits phytosanitaires,Amitraz,"Thymol
 Crotamiton
 Roténones  abandonnées 
 Benzoate de benzyle"
Pharmacocinétique,Elimination principalement dans l’urine,Elimination par voie urinaire,"Disponible que chez les carnivores domestiques 
 Forme orale à donner à jeûn",Que chez les ovins par voie orale,Elimination quasi-totale en 24h par voie urinaire,Effet « flash » = résorption et élimination très rapides,Faiblement résorbés par voie orale ; élimination voie urinaire et biliaire ; cycle entéro-hépatique ; cycle gastro entérique = sécrétion active dans l’abomasum chez les ruminants,"Résorption lente recherchée = effet retard
 E. par voie biliaire + cycle entéro-hépatique + dans lait chez vaches (sauf éprinomectine)  E. très lente","Très fortement fixés aux prot plasmatiques = concentrat° dans sang
 E. par voie biliaire","Distribution très large + passe BHM
 E. par sécrétions digestives",Résorbé partiellement après administration orale,E. fécale,Liposoluble = franchit facilement les membranes bio = résorption orale rapide,,,,,,,"Biodisponibilité est bonne chez le veau, faiblement métabolisé et éliminé essentiellement par voie urinaire
 Ne pas administrer à jeun",,,"Résorption parentérale de la solution aqueuse = rapide + complète
 Distribution intracellulaire 
 Concentration dans foie + rein
 Elimination de 80% en qques heures MAIS 20% restent pendant 2 mois = traitement préventif","Se concentre fortement dans le foie et la rate
 Elimination surtout rénale rapide",,,,"Solution spot on à effet de surface traversant que très peu la peau = absorption systémique faible 
 + retenu à la surface de la peau et du poil pendant 4 à 6 sem = insecticide durable 
 + résiste aux lavages 
 Sous forme de collier : libérat° lente + continue, propagat° par contact direct à l’ensemble de la peau
 

 Spot-on : très partiellement résorbé par la peau du Chien et du Chat ; rapidement distribué à la surface du corps 
 E. par voie urinaire
 

 Voie orale : très rapidement et complètement résorbé par voie orale ; 90 % de son efficacité en moins de 6 heures
 E. par voie urinaire rapide","Par voie orale, sous forme de comprimés 
 Résorption orale est plutôt rapide et assez complète
 

 Biodisponibilité supérieure chez l’animal repus versus l’animal à jeûn
 

 E. par voie biliaire + dans le lait et traverse barrière placentaire
 

 Demi-vie d’élimination est très longue, de l’ordre de 4 à 20 jours  aug des c° plasmatiques moy avec réadministrat° mensuelle (équilibre à 3 mois)","Forme spot-on de surface
 Activité persiste pendant 4 semaines 
 

 Métabolisé par le foie + E. par voie biliaire","Résorption orale rapide mais incomplète (F = 50%), améliorée avec la prise alimentaire 
 

 Concentrat° dans tissus adipeux = progressivement libéré dans la circulation sanguine (T1/2 = 15 à 20 jours)
 

 E. par voie fécale 
 

 Voie orale : concentrat° actives dans le sang pendant 30 jours minimum
 Voie injectable : concentrat° efficace atteinte dans les 21 jours et maintenue à la concentration efficace pendant au moins 6 mois","Administration topique : très peu absorbés + répartit° rapide sur pelage 
 

 formes galéniques diverses : spot on ou line on, voire aliment médicamenteux
 

 formes réservées au traitement de l’habitat (diffuseur, pseudoaérosol, solution émulsionnable)","solution pour on destinée aux ovins
 

 forme de granulés solubles à épandre après dilution sur les déjections des animaux","Très liposolubles  préparat° dans solut° solvants orga ou huileux 
 + volatiles (danger par inhalat°)  forte dispersion dans env
 + instables (sensibles aux hydrolyses) Mais composés soufrés moins instables 
 

 Résorpt° par toutes les voies 
 Distribut° dans organes très vascularisés + riches en lipides = SNV + foie 
 Eliminat° rapide par voie urinaire","Très peu résorbés
 Concentration dans tissus vascularisés, dont le système nerveux central
 Biotransformations rapides et intenses = brièveté d’action + moindre toxicité chez mammifères =/= poissons et insectes = très forte toxicité 
 E. par voie fécale","Utilisat° externe uniquement  engendre absorpt° par peau faible 
 Mais accumulat° dans follicules pileux + glandes sébacées = persistance locale dans l’épiderme de plusieurs semaines","Utilisat° par voie orale ou Spot-on 
 Distribut° essentiellement dans tissus graisseux = foie, reins, muscles et peau 
 Eliminat° par voie biliaire principalement",,"Voie topique, peu absorbé par cette voie 
 Eliminat° rapide dans l’urine",
Mécanisme d’action,Agonistes cholinergiques nicotiniques  paralysie musculaire,Agonistes de l’acétylcholine sur les récepteurs nicotiniques  paralysie musculaire spastique,Activation récepteur couplé à la protéine G au niveau présynaptique des jonctions neuromusculaires + canaux ioniques à chlorure  inhibition de l’aspiration pharyngée + paralysie flasque,Action sur la sous-unité MPTL-1 du récepteur nicotinique à l’acétylcholine (récepteur spécifique des nématodes)  permet d’être efficace sur les nématodes devenus résistants aux autres nématodicides,Agoniste sélectif du GABA = ouverture des canaux à chlorure = hyperpolarisat° de la membrane nerveuse  paralysie réversible et non létale (action nématodifuge) ; entraîne un traitement de longue durée (5-6jours),Inhibition de certaines enzymes du métabolisme énergétique du parasite,"1/ interférence avec la fonction microtubulaire par fixation irréversible sur la β-tubuline
 2/ blocage du métabolisme énergétique de la cellule","Interférence avec les canaux à chlorures principalement glutamate-dépendants, secondairement GABA-dépendants = paralysie flasque  mort en 24h",Découpleurs de la phosphorylation oxydative mitochondriale,Contraction tétanique immédiate + lyse du tégument,Découpleur de la phosphorylation oxydative mitochondriale,Perturbe le métabolisme énergétique du parasite,Inhibition certaines enzymes de la glycolyse anaérobie du parasite,Formation de pores intramembranaires = troubles de perméabilité ionique membranaire et de l'équilibre ionique à l'intérieur de la coccidie,Propriétés antifoliques : sulfonamides + éthopabate bloquent dihydroptéroate synthétase ; diaminopyrimidines bloquent dihydrofolate réductase,Antagoniste de la thiamine = inhibe son transport intracellulaire,Inhibition de la phosphorylation oxydative mitochondriale des coccidies = action coccidiostatique,Analogues compétitifs des purines et des pyrimidines,,,,,Bloque la réplication de l'ADN,"Propriétés thioloprives, il bloquerait des enzymes de la glycolyse = parasite privé d’énergie",,,,"Rapidité d’action sur les puces adultes = 1h de contact pour obtenir la mort ; durée d’action de 4-6 sem
 Efficacité totale en 6h ; durée d’action insecticide du nitenpyram est brève et ne dépasse pas 24-48 h
 Effet bloquant sur le repas de la puce en quelques minutes","Agit sur le système nerveux des insectes aussi bien par ingestion que par contact : active principalement les récepteurs nicotiniques de l’acétylcholine (nAChR) = contract°, tremblements musc, paralysie de la puce  mort en 30 min",Précurseur qui doit être biotransformé par le métabolisme enzymatique de l’insecte  bloque les canaux sodiques voltage-dépendants = arrêt de l’alimentation de la puce,"Empêchent la formation de la cuticule des arthropodes (insectes, acariens) = cuticule fine et fragilisée, incapable de soutenir l’insecte  actifs que sur stades larvaires (cuticule en formation) + sur l’éclosion des oeufs",Miment l’action des hormones juvéniles qui interviennent dans la mue et la reproduction  stades larves et pupes,,"Substances anticholinestérasiques = inhibent nb estérases : acétylcholinestérase, pseudocholinestérases, carboxyestérases
  Chez parasite : accumulation de l’acétylcholine = effets toxiques dans le système nerveux","Fermeture des canaux sodiques voltage-dépendants chez insectes :
 Hyperactivité membranaire avec salves répétitives = convulsions 
 Dépolarisation prolongée =ataxie + incoordinat°
  Effet paralysant très rapide, mais si dose insuffisante 
 Effet répulsif (anti-engorgement) contre les insectes piqueurs+ tiques = lutte contre les maladies vectorielles","Inhibiteurs non compétitifs des canaux à chlore = activité incontrôlée du système nerveux central des insectes et acariens, et leur mort","Bloquent les canaux à chlorures associés aux récepteurs du GABA et du glutamate = antagonistes non compétitifs des récepteurs du GABA  paralysie puis mort du parasite 
 

 Action sur parasites après repas sanguin sur l’hôte = n’empêchent pas la transmission de maladies vectorielles",,Action octopaminergique = agoniste de l’octopamine  principal neurotransmetteur adrénergique des acariens qui intervient dans l’éveil et qui exerce aussi des actions périphériques,Blocage du métabolisme énergétique mitochondrial du parasite = paralysie puis mort
Spectre d’action,"Nématodes adultes (ruminants, volailles)
 Ascarides + vers ronds (chien)
 PAS sur les larves immatures 
 Dvp de résistances des nématodes","Nématodes digestifs et pulmonaires adultes 
 (PAS d’action sur les dirofilaires)
 Actif sur les nématodes résistants aux benzimidazoles 
 Résistance croisée avec les imidazothiazoles 
 Pyrantel = pas d’action sur trichures 
 Oxantel = seule molécule active sur les trichures","Nématodes digestifs (adulticide et larvicide, pas ovicide)
 Notamment sur :
 -les ascarides (Toxocara cati, Toxascaris leonina),
 -sur les ankylostomes (Ankylostoma), 
 -sur les trichures","Nématodes digestifs des ovins (adultes et larves)
 PAS d’action sur les nématodes respiratoires 
 

 

 Utilisation raisonnée indispensable car sensibilité aux autres nématodicides chez les petits ruminants est préoccupante","Spectre étroit : Ascarides 
 Action inconstante et limitée sur les autres nématodes digestifs 
 

 Inactive sur Trichuris et Heterakis","Spectre d’activité antiparasitaire étroit : formes adultes de Dirofilaria immitis (macrofilaires)
 PAS d’action sur les larves","Spectre d’activité assez large  nématodes digestifs et respiratoires 
 

 albendazole (et sa pro-drogue le nétobimin) = vers plats forme adulte (plathelminthes) dont la petite douve (Dicrocoelium) et la grande douve (Fasciola)
 

 albendazole + fenbendazole = cestodes des petits ruminants (Moniezia)
 

 fenbendazole = protisticide contre Giardia
 triclabendazole = fait que Fasciola hepatica (larvicide tardif en pour-on)","Spectre très large = parasites ext (insectes et acariens essentiellement) + parasites int (némathelminthes)
 Nématodes dig et respi (adulticides et larvicides) ; 
  Chien = microfilaires de Dirofilaria
 Poux ; seule sélamectine contre puces 
 Larves du varron (Hypoderma bovis)
 Gale
 Demodex
  Pas actifs sur cestodes et trématodes 
 

 Nématodes hématophages seulement (surtt chez petits ruminants), acariens (gale), poux","Vers digestifs (cestodes + nématodes hématophages) ; Trématodes ; Insectes (larves d’œstres, d’hypoderme)
 PAS ovicides 
 fasciolose des ruminants (Fasciola hepatica, Fasciola gigantica), adulticide + larvicide tardif ; oestrose ovine + syngamose du faisan
 

 oxyclozanide : adulticide strict","Spectre étroit = cestodes, surtout formes adultes 
 Larves = triple dose 
 + échinoccoques 
 

 Teniasis des petits-ruminants (Moniezia) + téniasis des équidés","Spectre large : nématodes (Ascarides, Ankylostoma, Uncinaria) + cestodes (Taenia, Dipylidium caninum, Echinococcus granulosus); sur vers adultes + formes larvaires","Actif uniquement sur les douves (Fasciola), adultes + larves même précoces","Spectre d'activité étroit = fasciolicide adulticide strict
 

 Clorsulon employé uniquement en association avec ivermectine = élargissement spectre aux douves (Fasciola) des ruminants","Spectre anticoccidien large, étant actifs sur la plupart des coccidies aviaires
 Quasi-absence de résistances coccidiennes
 

 90 % du marché des anticoccidiens
 

 PAS traitement curatif des coccidioses, mais seulement en prévention","Coccidiostatiques
 Action est relativement tardive : 1ères et 2èmes gén de schizontes 
 Fins curatives
 

 Résistances coccidiennes se dvp rapidement + nb
 

 Sulfonamides et de diaminopyrimidines donne une synergie antiparasitaire = limiter les risques de résistances","Actif sur la 1ère génération de schizontes dans les cellules intestinales (3ème jour du cycle) ; il peut aussi bloquer les stages sexués (gamétocytes) au 6ème jour du cycle et la sporulation des ookystes
 Eimeria tenella
 Résistances très nb  très rarement utilisé seul
 Traitement curatif des coccidioses des volailles","1ers stades (sporozoïtes et trophozoïtes) au 1er jour du cycle
 traitement préventif, sur les formes libres, que ce soit pour les coccidioses des volailles ou des ruminants
 actifs sur toutes les espèces d'Eimeria du poulet
 

 1ère génération de schizontes dans les cellules intestinales au 3ème jour du cycle, mais aussi sur la différenciation des mérozoïtes","Coccidiocides ; traitements préventifs ou curatifs
 

 chez les bovins, les ovins, les porcs, les volailles et les chiens
 

 chez les ruminants exclusivement","Etroit = E. tenella + E. necatrix  mérozoïtes (3ème jour du cycle) et bloque sporulation des ookystes = coccicide
 

 large spectre actif sur coccidies cæcales (E. tenella) + intestinales (E. acervulina, E. maxima, E. necatrix, E. brunetti)
 

 large, uniquement coccidiostatique ; sur sporozoïtes = stades non cellulaires
 Traitement préventif 
 Gros pb de résistances
 

 large spectre ; coccidiostatiques + coccicides (tous stades)","Large spectre ; Cryptosporidium parvum
 

 coccidiostatiques + coccicides ; sur stades libres du parasite (sporozoïte, mérozoïte)
 Traitement préventif","Cryptosporidium 
 Traitements préventifs et curatifs 
 

 MAIS forte sélection de résistances  usage comme protisticide doit être le plus limité possible (ANSES)","Traitement de la cryptosporidiose 
 

 pas efficace sur Cryptosporodium","Activité antiparasitaire principalement contre piroplasmes (Piroplasma, Babesia)  utilisé dans le traitement préventif ou curatif des piroplasmoses et babésioses du Chien et des Bovins",Leishmaniose,Traitement de la leishmaniose viscérale par voie générale + anticancéreux,"Histomonas et Trichomonas
 + agents de l'entérite hémorragique du porc, Treponema hyodysenteriae et Balantidium
 

 Métronidazole = action sur Giardia = seule forme disponible avec AMM chez le Chien par voie orale","Propriétés antibactériennes et protisticides 
 

 Spectre étroit : Leishmaniose + theilériose bovine+ trypanosomiases bovines","Insecticides  puces adultes ; activité acaricide limitée 
 PAS d’action ovicide
 Pertinent pour lutter contre la DAPP (Dermatite par Allergie aux Piqûres de Puces)","Activité insecticide = que sur les puces (Chiens et Chats)
 

 Longue demi-vie = effet préventif contre les puces pendant quatre semaines","Insecticide ; ovicide, larvicide et adulticide
 + activité sur les larves en dvp dans l’env immédiat de l’animal traité","Insecticides larvicides + ovicides  puces + acariens 
 PAS d’effet sur les puces adultes, pupes et adultes pré-émergés (dans cocons)
 Traitement préventif, pas curatif 
 + utilisat° en élevage pour la désinsectisat° préventive des batiments contre mouches (biocide)","Insecticides (puces) larvicides qui n’exercent aucun effet sur les puces adultes, les pupes et les adultes pré-émergées
 + action ovicide
 Lutte préventive : puces chez carn dom
 Dans maisons : acariens, araignées, punaises, mites, fourmis, blattes","Insecticides larves + pupes de diptères (mouches)
 Activité antiparasitaire pendant 6 semaines
 

 Prévention des myiases ovines à Lucilia sericata et Wohlfahrtia maginifica","Insecticide (mouches, puces, poux, larves d’Hypoderma bovis) aussi bien par ingestion, par contact que par inhalation + acaricide (tiques, gales) (+ nématodes)
 

 Action antiparasitaire plus forte, plus SN est dvp = action adulticide > larvicide ; pas d’action ovicide 
 Utilisat° majoritaire en prévent° + traitement : entomoses + acarioses","Insecticides + acaricides : principalement adulticide ; aucune action ovicide 
 

 Lutte contre parasitoses externes : entomoses (mouches et moustiques, puces, poux, phlébotomes, aoûtats, varroase des abeilles) + acarioses (tiques, gales de l’oreille = lapin)","Insectes + acariens : majoritairement adulticide 
 Surtout actif sur insectes piqueurs, suceurs, broyeurs  particulièrement puces et tiques","Insecticide + acaricide large : larvicide + adulticide 
 Cibles privilégiées : puces, tiques et gales du Chien et du Chat
 + lutte contre infestat° par poux rouges chez poulettes, reproducteurs et poules pondeuses",Traitement de la gale autrefois,"Acaricide : adulticide 
  Varroa jacobsoni (varroase de l’abeille), tiques, gales, Demodex canis (responsable de la démodécie)
  Traitement de la démodécie canine et des gales + prévention des tiques","Traitement de la varroase de l’abeille Mais efficacité modérée 
 Action acaricide + propriétés antiprurigineuses
 = traitement de la gale des oreilles des carnivores domestiques  
 Action insecticde 
 Acaricide traditionnel en médecine humaine pour le traitement de la gale Mais peu puissant 
 Association au sulfirame = traitement des gales et aoûtats"
"Tolérance 
 *générale 
 *locale","Indice thérapeutique moyen (4) = potentiel toxique non négligeable ; stimulation du système nerveux parasympathique = hypersalivation, vomissements, diarrhée + ataxie, convulsions 
 Antidotes : atropine + glycopyrrolate",Excellente tolérance générale et locale (indice thérapeutique > 20),Tolérance générale et locale remarquable (indice thérapeutique très élevé),"Bonne tolérance
 Utilisable sur les femelles gestantes","Bien tolérée dans les conditions normales d’emploi
 Mais diarrhée, vomissement, ataxie occasionnels 
 + surdosage : troubles nerveux 
 Ne pas associer avec des molécules cholinergiques
 + tétrahydropyrimidines","Tolérance moyenne 
 IM profonde douloureuse avec œdèmes 
 NE PAS utiliser sur les chiennes gestantes 
 Troubles digestifs fréquents 
 Réactions type allergiques possibles 7 jours après traitement 
 Thrombo-embolies jusqu’à 20 jours post-traitement","Très bonne tolérance générale 
 Albendazole + nétobimin = embryotoxique et tératogène 
 

 voie orale : suspensions et émulsions, poudres, granulés, prémélanges et aliments médicamenteux, pâtes et gels, comprimés, systèmes oraux à libération programmée","Tolérance générale excellente 
 Accidents de toxicité graves chez Colley et brachycéphales = perméabilité inhabituelle de la barrière hémato-méningée
 

 Pour-on + solution buvable + injectable + pâte orale + comprimés + gel auriculaire
 

 Pour-on : doses > injectable, poux broyeurs et piqueurs, 0,5 mg/kg","Très bonne tolérance 
 Tolérance locale par inj SC médiocre + œdème avec colorat° jaune au point d'inject°
 Troubles nerveux, digestifs, cécité, mortalité
 

 Solut° buvable + pâte orale + comprimé + capsule + injectable","Excellente tolérance 
 

 formes orales (suspension, comprimé, gel, pâte), injectables (solution) et cutanées (spot on)","Chien : très bonne tolérance
 Chat : très médiocre (prostration, hypothermie, convulsions, vomissements) 
 

 Comprimé",orales (solutions et suspensions) et cutanées (pour on),"Très bonne tolérance 
 

 Solution injectable","Très faible indice thérapeutique = emploi curatif interdit
 CI chez les dindes + CV  cardiotoxicité + paralysie","Néphrotoxicité
 Syndrome hémorragique 
 Baisse de la consommation alimentaire + abreuvement 
 Baisse significative de gains de poids",Bonne tolérance chez les volailles et ruminants,Bonne tolérance générale,"Tolérance générale excellente 
 1 administration est rarement suffisante en curatif = répétition nécessaire
 1 administration en curatif
 

 Suspension orale ; additif alimentaire",,"Tolérance médiocre
 

 Diarrhées, sang dans les fèces, déshydratation
 

 Toxique pour les animaux aquatiques",,,"Toxicité non négligeable chez le Chien par effet anticholinestérasique
 + inj douloureuse","Traitements de longue durée = plusieurs semaines car difficulté d’accès au parasite pour les macrophages  pas d’éradication définitive 
 

 Moyennement toléré chez le Chien, avec toxicité hépatique, rénale, pancréatique + cardiaque
 + inj IM très douloureuses",,Tableau 2 du « règlement LMR »  potentialité mutagène = interdites dans les espèces pour la consommation humaine,"Tolérance générale limitée
 

 Excellente tolérance générale",Bonne tolérance,"Bonne tolérance générale
 Mais vomissements fréquents 
 Surdosage : diarrhées, anorexie, ataxie, convulsions","Bonne tolérance générale
 Signes neuro, vomissements, anorexie chez le Chat lorsque mauvaise applicat° qui ne limite pas l’absorpt° par léchage","Excellente tolérance locale et générale 
 Forme injectable, disponible chez le chat, ne doit pas être utilisée chez le chien",Excellente tolérance locale et générale,,"Toxicité aiguë assez élevée = neurotoxicité ; signes muscariniques (hypersécrétion digestive et bronchique), signes nicotiniques (tremblements musc), signes centraux (convulsions chez non ruminants)  souvent lié à mésusage ou surdosage
 Toxicité retardée : hypersensibilité, dermites de contact 
 

 Antidotes : atropine ou glycopyrrolate",Toxicité aiguë faible Mais accidents de toxicité régulièrement chez le Chat  souvent mésusage ou surdosages = signes nerveux d’excitation + signes parasympathomimétiques,"Pas de toxicité ; tolérance excellente  traitement des chiots, chatons et femelles gestantes possible !
 SAUF Lapin : contre-indiqué  anorexie, tremblements, convulsions, mort en qques jours 
  Il faut donc s’assurer de l’absence de lapins dans le foyer avant de prescrire !","Tolérance générale excellente 
 Précautions d’usage pour chiens épileptiques 
 Fluranaler : effets indésirables sur l’Homme = pb cutanés, oculaires et hypersensibilité","Toxicité aiguë élevée 
 

 Accumulat° dans l’env, puis dans chaîne alimentaire  abandon","Bonne tolérance locale et générale dans ses conditions normales d’emploi
 Attention ! Surdosages (erreurs de dilution, ingestion/mâchouillage de colliers contenant de l’amitraz) ou d’indications hors A.M.M. (injection sous-cutanée de solutions)  forte prostrat°, ataxie, bradycardie, sécheresse des muqueuses, hypothermie 
 

 Antidotes : atipamézole, yohimbine
 

 CI : Cheval (occlusion du colon mortelle), Chat, Chihuahua, femelles gestantes ou en lactation, jeunes animaux","Toxicité modérée pour mammifères 
 Mais tolérance locale médiocre = irritations de la peau et muqueuses  abandon en médecine vétérinaire"
Résidus et temps d’attente,"Interdiction d’usage chez les animaux producteurs de lait (agranulocytose chez l’Homme) + pas d’usage chez les CV car indice thérapeutique trop faible
 

 effet immédiat : solut° + suspens° orales, comprimés, pâtes + poudres orales, capsules, formes injectables ;
 transcutanées à effet retard systémique : solutions pour on ; 
 à libération ruminale programmée : diffuseur intraruminal","formes galéniques orales : suspension, pâtes et comprimés","formes orales (suspension et comprimé) chez le Chien
 spot on à effet systémique chez le Chat","Interdiction d’usage sur les animaux producteurs de lait destiné à la consommation humaine 
 

 forme buvale chez les ovins
 

 AMM que chez les moutons","LMR chez les porcins et poulets 
 Mais utilisée que chez les très jeunes animaux, car nématodes dominants chez jeunes chiots = ascarides 
 

 formes orales = solutions, sirops , poudres","Seule indication = traitement curatif de la dirofilariose cardiaque du chien 
 Limiter les risques de thrombo-embolie des filaires morts = maintenir le chien au repos 
 

 forme d’une poudre lyophilisée à mise en solution aqueuse injectable extemporanée","Liste II des substances vénéneuses
 LMR pour tous, sauf triclabendazole = interdit pour vaches en lactation","Risques pour l’env importants 
 éprinomectine = seule molécule avec TA nul dans lait chez bovins/ovins/caprins 
 Utilisat° ivermectine interdite","TA longs 
 Interdit chez les animaux producteurs de lait",,,,,Pas de spécialité pharmaceutique vétérinaire dispo,"uniquement orales : solutions, poudres, prémélanges médicamenteux","solution buvable, prémélange médicamenteux","Interdiction d’emploi chez les femelles laitières (bovins et ovins)
 

 Prémélange, aliment médicamenteux préventif, additif alimentaire","aucune écotoxicité particulière
 TA nuls
 

 TA longs 
 usage interdit dans les 4 semaines qui précèdent la période de ponte
 effets indésirables sur croissance et dvp des plantes = restrictions d’usage chez les ruminants","Solution orale 
 Additif alimentaire",Seule molécule qui dispose d’une AMM en médecine des ruminants pour la gestion de Cryptosporidium parvum,,Interdiction d’usage par voie orale,"TA très longs chez bovins et ovins 
 

 solution aqueuse injectable (SC + IM)",,,"voie orale (solution, poudres et comprimé)",Totalité d’entre eux a été abandonnée,"AMM vétérinaires : chiens, chats
 Pas traiter les chiots avant 2 mois
 Oiseaux très sensibles 
 Toxicité sur les abeilles : utilisation interdite dans produits phytosanitaires 
 Action larvicide dans l’environnement est limitée","AMM vétérinaires : chiens et chats
 Rq : inhibe fortement la glycoprotéine P (P-gp) = interact° méd dangereuses (ivermectine)",AMM vétérinaires : chiens et chats,"Seul le lufénuron est encore employé comme médicament antiparasitaire externe (les autres sont utilisés comme biocides)
 LMR : diflubenzuron et téflubenzuron chez les salmonidés",Action dans les habitations dure six mois,"Seul le dicyclanil est commercialisé dans un médicament vétérinaire chez les ovins
 LMR : cyromazine + diclanyl dans viandes et abats (ovins)","Activité puissante + faible rémanence dans l’env (par rapport aux organochlorés) = très toxique pour orga aquatiques + abeilles ; coût modéré 
 Plupart des substances sont vénéneuses = en liste I ou II
 

 Solution externe, collier (plus de pour-on)","Instabilité = dégradation rapide dans l’environnement (biodégradabilité)  risques faibles 
 Mais toxicité pour poissons, crustacés at animaux aquatiques + abeilles 
 Molécules soit sur la liste II des substances vénéneuses, soit à aucun tableau
 Pour-on (BV : deltaméthrine), plaquettes auriculaires (BV : cyperméthrine), solutions (deltaméthrine)",formes de spray et de solution spot on à effet de surface,"forme de comprimés, de spot-on + solution à diluer dans l’eau de boisson chez les volailles",,"AMM vétérinaires : chiens, abeilles
 Toxicité importante pour organismes aquatiques
 formes à usage externe cutané (solution) et une forme adaptée au traitement des ruches (lanières)","Très toxiques pour le poisson 
 solution auriculaire à instiller dans le conduit auditif
 en association au sulfirame dans une spécialité humaine classique, l’Ascabiol®"